Datum,Räntesats %,Medelvärde hittills i år
10/15/2021,0.27,0.16
10/8/2021,0.26,0.15
10/1/2021,0.24,0.15
9/24/2021,0.18,0.15
9/17/2021,0.14,0.15
9/10/2021,0.12,0.15
9/3/2021,0.08,0.15
8/27/2021,0.02,0.15
8/20/2021,0.03,0.16
8/13/2021,0.02,0.16
8/6/2021,0.00,0.16
7/30/2021,0.02,0.17
7/23/2021,0.06,0.17
7/16/2021,0.10,0.18
7/9/2021,0.16,0.18
7/2/2021,0.24,0.18
6/25/2021,0.24,0.18
6/18/2021,0.21,0.18
6/11/2021,0.27,0.18
6/4/2021,0.31,0.17
5/28/2021,0.28,0.17
5/21/2021,0.33,0.16
5/14/2021,0.29,0.15
5/7/2021,0.27,0.14
4/30/2021,0.25,0.14
4/23/2021,0.25,0.13
4/16/2021,0.23,0.12
4/9/2021,0.23,0.12
4/2/2021,0.26,0.11
3/26/2021,0.25,0.10
3/19/2021,0.26,0.08
3/12/2021,0.30,0.07
3/5/2021,0.26,0.05
2/26/2021,0.21,0.02
2/19/2021,0.13,0.00
2/12/2021,0.05,-0.02
2/5/2021,0.00,-0.03
1/29/2021,-0.03,-0.04
1/22/2021,-0.02,-0.04
1/15/2021,-0.02,-0.05
1/8/2021,-0.07,-0.07
1/1/2021,-0.06,-0.06
2020/12/25,-0.09,-0.07
2020/12/18,-0.13,-0.07
2020/12/11,-0.08,-0.07
2020/12/04,-0.06,-0.07
2020/11/27,-0.10,-0.07
2020/11/20,-0.07,-0.07
2020/11/13,-0.06,-0.07
2020/11/06,-0.12,-0.07
2020/10/30,-0.10,-0.07
2020/10/23,-0.13,-0.06
2020/10/16,-0.11,-0.06
10/9/2020,-0.07,-0.06
10/2/2020,-0.09,-0.06
9/25/2020,-0.08,-0.06
9/18/2020,-0.06,-0.06
9/11/2020,-0.04,-0.06
9/4/2020,0.02,-0.06
8/28/2020,-0.02,-0.06
8/21/2020,-0.01,-0.06
8/14/2020,-0.04,-0.07
8/7/2020,-0.06,-0.07
7/31/2020,-0.04,-0.07
7/24/2020,-0.06,-0.07
7/17/2020,-0.06,-0.07
7/10/2020,-0.05,-0.07
7/3/2020,-0.05,-0.07
6/26/2020,-0.01,-0.07
6/19/2020,0.03,-0.07
6/12/2020,0.09,-0.08
6/5/2020,0.02,-0.08
5/29/2020,-0.01,-0.09
5/22/2020,-0.04,-0.09
5/15/2020,-0.11,-0.10
5/8/2020,-0.14,-0.09
5/1/2020,-0.12,-0.09
4/24/2020,-0.07,-0.09
4/17/2020,-0.08,-0.09
4/10/2020,-0.12,-0.09
4/3/2020,-0.16,-0.09
3/27/2020,-0.05,-0.08
3/20/2020,-0.16,-0.09
3/13/2020,-0.42,-0.08
3/6/2020,-0.33,-0.05
2/28/2020,-0.21,-0.02
2/21/2020,-0.08,0.01
2/14/2020,-0.02,0.02
2/7/2020,-0.05,0.03
1/31/2020,-0.04,0.04
1/24/2020,0.06,0.07
1/17/2020,0.09,0.07
1/10/2020,0.05,0.06
1/3/2020,0.06,0.06
12/27/2019,0.02,0.03
12/20/2019,0.00,0.03
12/13/2019,-0.03,0.03
12/6/2019,-0.03,0.03
11/29/2019,-0.09,0.03
11/22/2019,-0.09,0.03
11/15/2019,-0.03,0.04
11/8/2019,-0.10,0.04
11/1/2019,-0.12,0.04
10/25/2019,-0.12,0.05
10/18/2019,-0.25,0.05
10/11/2019,-0.39,0.06
10/4/2019,-0.35,0.07
9/27/2019,-0.32,0.08
9/20/2019,-0.23,0.09
9/13/2019,-0.28,0.10
9/6/2019,-0.40,0.11
8/30/2019,-0.39,0.12
8/23/2019,-0.40,0.14
8/16/2019,-0.35,0.15
8/9/2019,-0.30,0.17
8/2/2019,-0.19,0.19
7/26/2019,-0.10,0.20
7/19/2019,-0.01,0.21
7/12/2019,-0.06,0.22
7/5/2019,-0.08,0.23
6/28/2019,-0.09,0.24
6/21/2019,-0.08,0.25
6/14/2019,-0.06,0.27
6/7/2019,0.00,0.28
5/31/2019,0.05,0.29
5/24/2019,0.07,0.30
5/17/2019,0.06,0.32
5/10/2019,0.15,0.33
5/3/2019,0.15,0.34
4/26/2019,0.26,0.35
4/19/2019,0.27,0.36
4/12/2019,0.25,0.36
4/5/2019,0.22,0.37
3/29/2019,0.22,0.38
3/22/2019,0.33,0.39
3/15/2019,0.32,0.40
3/8/2019,0.41,0.41
3/1/2019,0.34,0.41
2/22/2019,0.35,0.42
2/15/2019,0.36,0.43
2/8/2019,0.41,0.44
2/1/2019,0.43,0.44
1/25/2019,0.47,0.45
1/18/2019,0.43,0.44
1/11/2019,0.44,0.44
1/4/2019,0.44,0.44
2018/11/23,0.55,0.47
2018/11/16,0.46,0.47
2018/11/09,0.49,0.47
2018/11/02,0.45,0.47
2018/10/26,0.48,0.47
2018/10/19,0.54,0.47
2018/10/12,0.54,0.47
2018/10/05,0.49,0.47
2018/09/28,0.48,0.47
2018/09/21,0.43,0.47
2018/09/14,0.39,0.47
2018/09/07,0.35,0.47
2018/08/31,0.32,0.48
2018/08/24,0.30,0.48
2018/08/17,0.30,0.49
2018/08/10,0.36,0.49
2018/08/03,0.40,0.50
2018/07/27,0.31,0.50
2018/07/20,0.27,0.51
2018/07/13,0.31,0.51
2018/07/06,0.31,0.52
2018/06/29,0.29,0.53
2018/06/22,0.30,0.54
2018/06/15,0.42,0.55
2018/06/08,0.37,0.56
2018/06/01,0.31,0.56
2018/05/25,0.49,0.58
2018/05/18,0.53,0.58
2018/05/11,0.48,0.58
2018/05/04,0.49,0.59
2018/04/27,0.55,0.59
2018/04/20,0.47,0.60
2018/04/13,0.48,0.61
2018/04/06,0.49,0.62
2018/03/30,0.52,0.62
2018/03/23,0.55,0.63
2018/03/16,0.58,0.64
2018/03/09,0.59,0.65
2018/03/02,0.61,0.65
2018/02/23,0.70,0.66
2018/02/16,0.75,0.65
2018/02/09,0.72,0.64
2018/02/02,0.71,0.62
2018/01/26,0.65,0.60
2018/01/19,0.63,0.58
2018/01/12,0.55,0.56
2018/01/05,0.56,0.56
12/29/2017,0.52,0.51
12/22/2017,0.51,0.51
12/15/2017,0.45,0.51
12/8/2017,0.45,0.52
12/1/2017,0.47,0.52
11/24/2017,0.49,0.52
11/17/2017,0.55,0.52
11/10/2017,0.53,0.52
11/3/2017,0.56,0.52
10/27/2017,0.64,0.52
10/20/2017,0.62,0.51
10/13/2017,0.69,0.51
10/6/2017,0.70,0.51
9/29/2017,0.66,0.50
9/22/2017,0.63,0.50
9/15/2017,0.55,0.49
9/8/2017,0.60,0.49
9/1/2017,0.59,0.49
8/25/2017,0.63,0.49
8/18/2017,0.64,0.48
8/11/2017,0.63,0.48
8/4/2017,0.69,0.47
7/28/2017,0.61,0.47
7/21/2017,0.67,0.46
7/14/2017,0.67,0.45
7/7/2017,0.64,0.44
6/30/2017,0.52,0.44
6/23/2017,0.47,0.43
6/16/2017,0.42,0.43
6/9/2017,0.44,0.43
6/2/2017,0.33,0.43
5/26/2017,0.34,0.44
5/19/2017,0.38,0.44
5/12/2017,0.46,0.45
5/5/2017,0.40,0.44
4/28/2017,0.42,0.45
4/21/2017,0.35,0.45
4/14/2017,0.36,0.46
4/7/2017,0.41,0.46
3/31/2017,0.46,0.47
3/24/2017,0.55,0.47
3/17/2017,0.56,0.46
3/10/2017,0.47,0.45
3/3/2017,0.38,0.45
2/24/2017,0.45,0.46
2/17/2017,0.52,0.46
2/10/2017,0.50,0.45
2/3/2017,0.55,0.43
1/27/2017,0.48,0.41
1/20/2017,0.41,0.38
1/13/2017,0.38,0.37
1/6/2017,0.35,0.35
12/30/2016,0.36,0.34
12/23/2016,0.43,0.34
12/16/2016,0.38,0.34
12/9/2016,0.36,0.34
12/2/2016,0.28,0.34
11/25/2016,0.27,0.34
11/18/2016,0.28,0.34
11/11/2016,0.08,0.34
11/4/2016,0.06,0.35
10/28/2016,-0.01,0.35
10/21/2016,0.07,0.36
10/14/2016,0.05,0.37
10/7/2016,0.00,0.38
9/30/2016,0.00,0.39
9/23/2016,0.08,0.40
9/16/2016,0.11,0.40
9/9/2016,-0.02,0.41
9/2/2016,-0.05,0.42
8/26/2016,-0.05,0.44
8/19/2016,-0.10,0.45
8/12/2016,-0.07,0.47
8/5/2016,-0.06,0.48
7/29/2016,0.03,0.50
7/22/2016,0.02,0.52
7/15/2016,0.02,0.54
7/8/2016,-0.01,0.55
7/1/2016,0.17,0.57
6/24/2016,0.34,0.59
6/17/2016,0.28,0.60
6/10/2016,0.42,0.61
6/3/2016,0.55,0.62
5/27/2016,0.57,0.63
5/20/2016,0.55,0.63
5/13/2016,0.54,0.63
5/6/2016,0.66,0.64
4/29/2016,0.68,0.64
4/22/2016,0.57,0.63
4/15/2016,0.55,0.64
4/8/2016,0.50,0.64
4/1/2016,0.54,0.65
3/25/2016,0.54,0.66
3/18/2016,0.63,0.67
3/11/2016,0.54,0.67
3/4/2016,0.52,0.69
2/26/2016,0.51,0.71
2/19/2016,0.52,0.73
2/12/2016,0.49,0.76
2/5/2016,0.60,0.81
1/29/2016,0.69,0.85
1/22/2016,0.75,0.89
1/15/2016,0.86,0.93
1/8/2016,0.89,0.97
1/1/2016,1.05,1.05
12/25/2015,1.00,0.58
12/18/2015,0.91,0.57
12/11/2015,0.91,0.56
12/4/2015,0.75,0.56
11/27/2015,0.65,0.55
11/20/2015,0.70,0.55
11/13/2015,0.66,0.55
11/6/2015,0.52,0.54
10/30/2015,0.49,0.54
10/23/2015,0.54,0.54
10/16/2015,0.50,0.55
10/9/2015,0.50,0.55
10/2/2015,0.54,0.55
9/25/2015,0.55,0.55
9/18/2015,0.55,0.55
9/11/2015,0.47,0.55
9/4/2015,0.55,0.55
8/28/2015,0.42,0.55
8/21/2015,0.49,0.55
8/14/2015,0.50,0.56
8/7/2015,0.60,0.56
7/31/2015,0.58,0.56
7/24/2015,0.64,0.55
7/17/2015,0.67,0.55
7/10/2015,0.62,0.55
7/3/2015,0.81,0.54
6/26/2015,0.87,0.53
6/19/2015,0.86,0.52
6/12/2015,0.88,0.51
6/5/2015,0.66,0.49
5/29/2015,0.62,0.48
5/22/2015,0.60,0.48
5/15/2015,0.63,0.47
5/8/2015,0.53,0.46
5/1/2015,0.26,0.46
4/24/2015,0.19,0.47
4/17/2015,0.20,0.49
4/10/2015,0.27,0.51
4/3/2015,0.29,0.52
3/27/2015,0.27,0.54
3/20/2015,0.42,0.56
3/13/2015,0.59,0.58
3/6/2015,0.58,0.58
2/27/2015,0.47,0.58
2/20/2015,0.35,0.59
2/13/2015,0.48,0.62
2/6/2015,0.48,0.65
1/30/2015,0.57,0.68
1/23/2015,0.62,0.71
1/16/2015,0.68,0.74
1/9/2015,0.73,0.77
1/2/2015,0.80,0.80
12/26/2014,0.83,1.62
12/19/2014,0.78,1.64
12/12/2014,0.88,1.66
12/5/2014,0.88,1.67
11/28/2014,0.90,1.69
11/21/2014,0.96,1.71
11/14/2014,1.01,1.72
11/7/2014,1.02,1.74
10/31/2014,1.04,1.75
10/24/2014,1.06,1.77
10/17/2014,1.13,1.79
10/10/2014,1.26,1.80
10/3/2014,1.32,1.82
9/26/2014,1.37,1.83
9/19/2014,1.39,1.84
9/12/2014,1.30,1.85
9/5/2014,1.28,1.87
8/29/2014,1.34,1.89
8/22/2014,1.43,1.90
8/15/2014,1.44,1.92
8/8/2014,1.53,1.93
8/1/2014,1.51,1.94
7/25/2014,1.51,1.96
7/18/2014,1.57,1.97
7/11/2014,1.62,1.99
7/4/2014,1.69,2.00
6/27/2014,1.76,2.01
6/20/2014,1.79,2.02
6/13/2014,1.80,2.03
6/6/2014,1.82,2.04
5/30/2014,1.83,2.06
5/23/2014,1.83,2.07
5/16/2014,1.88,2.08
5/9/2014,1.93,2.09
5/2/2014,1.99,2.10
4/25/2014,2.04,2.10
4/18/2014,2.00,2.11
4/11/2014,2.10,2.11
4/4/2014,2.13,2.12
3/28/2014,2.16,2.11
3/21/2014,2.12,2.11
3/14/2014,1.98,2.11
3/7/2014,2.00,2.12
2/28/2014,2.00,2.14
2/21/2014,2.03,2.15
2/14/2014,2.07,2.17
2/7/2014,2.03,2.19
1/31/2014,2.10,2.22
1/24/2014,2.17,2.25
1/17/2014,2.23,2.27
1/10/2014,2.27,2.30
1/3/2014,2.32,2.32
12/27/2013,2.25,2.01
12/20/2013,2.16,2.00
12/13/2013,2.16,2.00
12/6/2013,2.13,1.99
11/29/2013,2.09,1.99
11/22/2013,2.06,1.99
11/15/2013,2.17,1.99
11/8/2013,2.17,1.98
11/1/2013,2.15,1.98
10/25/2013,2.24,1.97
10/18/2013,2.33,1.97
10/11/2013,2.33,1.96
10/4/2013,2.32,1.95
9/27/2013,2.37,1.94
9/20/2013,2.46,1.93
9/13/2013,2.57,1.92
9/6/2013,2.42,1.90
8/30/2013,2.37,1.88
8/23/2013,2.27,1.87
8/16/2013,2.13,1.86
8/9/2013,2.06,1.85
8/2/2013,2.06,1.84
7/26/2013,2.01,1.83
7/19/2013,1.98,1.83
7/12/2013,2.06,1.82
7/5/2013,2.09,1.81
6/28/2013,2.11,1.80
6/21/2013,1.88,1.79
6/14/2013,1.86,1.79
6/7/2013,1.85,1.78
5/31/2013,1.76,1.78
5/24/2013,1.69,1.78
5/17/2013,1.68,1.79
5/10/2013,1.59,1.79
5/3/2013,1.52,1.80
4/26/2013,1.49,1.82
4/19/2013,1.60,1.84
4/12/2013,1.64,1.85
4/5/2013,1.76,1.87
3/29/2013,1.78,1.88
3/22/2013,1.92,1.89
3/15/2013,1.99,1.88
3/8/2013,1.98,1.87
3/1/2013,1.97,1.86
2/22/2013,2.04,1.85
2/15/2013,2.01,1.82
2/8/2013,1.98,1.79
2/1/2013,1.89,1.75
1/25/2013,1.79,1.72
1/18/2013,1.77,1.69
1/11/2013,1.71,1.65
1/4/2013,1.59,1.59
12/28/2012,1.58,1.52
12/21/2012,1.52,1.52
12/14/2012,1.43,1.52
12/7/2012,1.48,1.52
11/30/2012,1.49,1.52
11/23/2012,1.46,1.52
11/16/2012,1.38,1.52
11/9/2012,1.42,1.52
11/2/2012,1.50,1.53
10/26/2012,1.57,1.53
10/19/2012,1.50,1.53
10/12/2012,1.43,1.53
10/5/2012,1.43,1.53
9/28/2012,1.47,1.53
9/21/2012,1.55,1.53
9/14/2012,1.45,1.53
9/7/2012,1.38,1.53
8/31/2012,1.39,1.54
8/24/2012,1.50,1.54
8/17/2012,1.37,1.54
8/10/2012,1.34,1.55
8/3/2012,1.31,1.56
7/27/2012,1.16,1.56
7/20/2012,1.19,1.58
7/13/2012,1.23,1.59
7/6/2012,1.45,1.61
6/29/2012,1.40,1.61
6/22/2012,1.41,1.62
6/15/2012,1.40,1.63
6/8/2012,1.12,1.64
6/1/2012,1.32,1.66
5/25/2012,1.38,1.68
5/18/2012,1.38,1.69
5/11/2012,1.53,1.71
5/4/2012,1.66,1.72
4/27/2012,1.69,1.72
4/20/2012,1.69,1.73
4/13/2012,1.66,1.73
4/6/2012,1.87,1.73
3/30/2012,1.91,1.72
3/23/2012,1.95,1.71
3/16/2012,1.77,1.69
3/9/2012,1.71,1.68
3/2/2012,1.78,1.67
2/24/2012,1.80,1.66
2/17/2012,1.76,1.64
2/10/2012,1.76,1.62
2/3/2012,1.63,1.59
1/27/2012,1.68,1.58
1/20/2012,1.51,1.55
1/13/2012,1.57,1.57
1/6/2012,1.57,1.57
12/30/2011,1.58,2.57
12/23/2011,1.55,2.59
12/16/2011,1.51,2.61
12/9/2011,1.65,2.63
12/2/2011,1.64,2.65
11/25/2011,1.65,2.67
11/18/2011,1.63,2.69
11/11/2011,1.70,2.72
11/4/2011,1.87,2.74
10/28/2011,1.94,2.76
10/21/2011,1.93,2.78
10/14/2011,1.90,2.80
10/7/2011,1.70,2.82
9/30/2011,1.76,2.85
9/23/2011,1.76,2.88
9/16/2011,1.75,2.91
9/9/2011,1.95,2.94
9/2/2011,2.09,2.97
8/26/2011,2.04,3.00
8/19/2011,2.09,3.03
8/12/2011,2.16,3.06
8/5/2011,2.42,3.09
7/29/2011,2.70,3.11
7/22/2011,2.68,3.12
7/15/2011,2.68,3.14
7/8/2011,2.87,3.16
7/1/2011,2.79,3.17
6/24/2011,2.81,3.18
6/17/2011,2.83,3.20
6/10/2011,2.89,3.21
6/3/2011,2.86,3.23
5/27/2011,2.87,3.24
5/20/2011,3.02,3.26
5/13/2011,3.07,3.28
5/6/2011,3.17,3.29
4/29/2011,3.20,3.29
4/22/2011,3.27,3.30
4/15/2011,3.35,3.30
4/8/2011,3.31,3.30
4/1/2011,3.33,3.30
3/25/2011,3.28,3.30
3/18/2011,3.26,3.30
3/11/2011,3.40,3.30
3/4/2011,3.31,3.29
2/25/2011,3.30,3.29
2/18/2011,3.42,3.29
2/11/2011,3.40,3.26
2/4/2011,3.36,3.24
1/28/2011,3.30,3.21
1/21/2011,3.21,3.17
1/14/2011,3.15,3.16
1/7/2011,3.16,3.16
12/31/2010,3.20,2.77
12/24/2010,3.17,2.76
12/17/2010,3.15,2.75
12/10/2010,3.06,2.74
12/3/2010,2.91,2.73
11/26/2010,2.84,2.73
11/19/2010,2.79,2.73
11/12/2010,2.68,2.73
11/5/2010,2.75,2.73
10/29/2010,2.76,2.73
10/22/2010,2.61,2.73
10/15/2010,2.45,2.73
10/8/2010,2.46,2.74
10/1/2010,2.42,2.74
9/24/2010,2.55,2.75
9/17/2010,2.54,2.76
9/10/2010,2.38,2.76
9/3/2010,2.21,2.77
8/27/2010,2.28,2.79
8/20/2010,2.36,2.80
8/13/2010,2.43,2.82
8/6/2010,2.59,2.83
7/30/2010,2.61,2.84
7/23/2010,2.54,2.85
7/16/2010,2.54,2.86
7/9/2010,2.49,2.87
7/2/2010,2.49,2.88
6/25/2010,2.55,2.90
6/18/2010,2.39,2.91
6/11/2010,2.38,2.93
6/4/2010,2.49,2.96
5/28/2010,2.39,2.98
5/21/2010,2.50,3.01
5/14/2010,2.63,3.03
5/7/2010,2.75,3.05
4/30/2010,2.80,3.07
4/23/2010,2.95,3.08
4/16/2010,3.02,3.09
4/9/2010,3.01,3.10
4/2/2010,3.01,3.10
3/26/2010,2.99,3.11
3/19/2010,3.04,3.12
3/12/2010,3.00,3.13
3/5/2010,2.97,3.14
2/26/2010,3.11,3.16
2/19/2010,3.15,3.17
2/12/2010,3.07,3.17
2/5/2010,3.12,3.19
1/29/2010,3.11,3.20
1/22/2010,3.16,3.22
1/15/2010,3.22,3.24
1/8/2010,3.28,3.25
1/1/2010,3.22,3.22
12/25/2009,3.12,3.11
12/18/2009,3.18,3.11
12/11/2009,3.16,3.10
12/4/2009,3.13,3.10
11/27/2009,3.20,3.10
11/20/2009,3.23,3.10
11/13/2009,3.25,3.10
11/6/2009,3.20,3.09
10/30/2009,3.26,3.09
10/23/2009,3.24,3.09
10/16/2009,3.18,3.08
10/9/2009,3.16,3.08
10/2/2009,3.32,3.08
9/25/2009,3.40,3.07
9/18/2009,3.34,3.06
9/11/2009,3.32,3.06
9/4/2009,3.29,3.05
8/28/2009,3.39,3.04
8/21/2009,3.43,3.03
8/14/2009,3.49,3.02
8/7/2009,3.41,3.01
7/31/2009,3.42,2.99
7/24/2009,3.31,2.98
7/17/2009,3.27,2.97
7/10/2009,3.29,2.96
7/3/2009,3.42,2.94
6/26/2009,3.49,2.93
6/19/2009,3.50,2.90
6/12/2009,3.69,2.88
6/5/2009,3.69,2.84
5/29/2009,3.65,2.80
5/22/2009,3.49,2.76
5/15/2009,3.45,2.73
5/8/2009,3.13,2.69
5/1/2009,2.98,2.67
4/24/2009,2.90,2.65
4/17/2009,2.95,2.63
4/10/2009,2.93,2.61
4/3/2009,2.77,2.59
3/27/2009,2.75,2.57
3/20/2009,2.59,2.56
3/13/2009,2.49,2.56
3/6/2009,2.54,2.56
2/27/2009,2.49,2.56
2/20/2009,2.60,2.57
2/13/2009,2.67,2.57
2/6/2009,2.81,2.55
1/30/2009,2.80,2.50
1/23/2009,2.57,2.43
1/16/2009,2.45,2.38
1/9/2009,2.41,2.35
1/2/2009,2.28,2.28
12/26/2008,2.37,3.87
12/19/2008,2.56,3.90
12/12/2008,2.66,3.93
12/5/2008,2.60,3.95
11/28/2008,2.89,3.98
11/21/2008,3.17,4.00
11/14/2008,3.35,4.02
11/7/2008,3.43,4.04
10/31/2008,3.31,4.05
10/24/2008,3.54,4.07
10/17/2008,3.60,4.08
10/10/2008,3.41,4.09
10/3/2008,3.81,4.11
9/26/2008,3.89,4.12
9/19/2008,3.76,4.12
9/12/2008,3.89,4.13
9/5/2008,4.03,4.14
8/29/2008,4.07,4.14
8/22/2008,4.06,4.15
8/15/2008,4.10,4.15
8/8/2008,4.17,4.15
8/1/2008,4.37,4.15
7/25/2008,4.43,4.14
7/18/2008,4.31,4.13
7/11/2008,4.47,4.13
7/4/2008,4.54,4.11
6/27/2008,4.50,4.10
6/20/2008,4.53,4.08
6/13/2008,4.39,4.06
6/6/2008,4.35,4.05
5/30/2008,4.33,4.03
5/23/2008,4.17,4.02
5/16/2008,4.05,4.01
5/9/2008,4.08,4.01
5/2/2008,4.14,4.01
4/25/2008,4.14,4.00
4/18/2008,3.99,3.99
4/11/2008,3.98,3.99
4/4/2008,3.98,3.99
3/28/2008,3.94,3.99
3/21/2008,3.79,4.00
3/14/2008,3.89,4.01
3/7/2008,3.96,4.03
2/29/2008,4.06,4.03
2/22/2008,4.03,4.03
2/15/2008,3.91,4.03
2/8/2008,3.90,4.05
2/1/2008,3.97,4.08
1/25/2008,3.93,4.11
1/18/2008,4.07,4.17
1/11/2008,4.15,4.22
1/4/2008,4.29,4.29
12/28/2007,4.29,4.14
12/21/2007,4.32,4.14
12/14/2007,4.30,4.14
12/7/2007,4.15,4.13
11/30/2007,4.16,4.13
11/23/2007,4.18,4.13
11/16/2007,4.22,4.13
11/9/2007,4.21,4.13
11/2/2007,4.23,4.13
10/26/2007,4.24,4.12
10/19/2007,4.38,4.12
10/12/2007,4.32,4.11
10/5/2007,4.27,4.11
9/28/2007,4.29,4.11
9/21/2007,4.16,4.10
9/14/2007,4.07,4.10
9/7/2007,4.18,4.10
8/31/2007,4.17,4.10
8/24/2007,4.17,4.10
8/17/2007,4.26,4.09
8/10/2007,4.30,4.09
8/3/2007,4.27,4.08
7/27/2007,4.37,4.07
7/20/2007,4.49,4.06
7/13/2007,4.53,4.05
7/6/2007,4.47,4.03
6/29/2007,4.48,4.01
6/22/2007,4.45,4.00
6/15/2007,4.41,3.98
6/8/2007,4.29,3.96
6/1/2007,4.23,3.94
5/25/2007,4.20,3.93
5/18/2007,4.11,3.92
5/11/2007,4.06,3.91
5/4/2007,4.09,3.90
4/27/2007,4.07,3.89
4/20/2007,4.06,3.87
4/13/2007,4.00,3.86
4/6/2007,3.92,3.85
3/30/2007,3.86,3.85
3/23/2007,3.74,3.85
3/16/2007,3.74,3.86
3/9/2007,3.74,3.87
3/2/2007,3.82,3.88
2/23/2007,3.86,3.89
2/16/2007,3.94,3.89
2/9/2007,3.94,3.89
2/2/2007,4.00,3.87
1/26/2007,3.91,3.84
1/19/2007,3.89,3.82
1/12/2007,3.80,3.79
1/5/2007,3.77,3.77
12/29/2006,3.72,3.62
12/22/2006,3.69,3.61
12/15/2006,3.58,3.61
12/8/2006,3.53,3.61
12/1/2006,3.56,3.61
11/24/2006,3.54,3.62
11/17/2006,3.60,3.62
11/10/2006,3.66,3.62
11/3/2006,3.66,3.62
10/27/2006,3.77,3.62
10/20/2006,3.70,3.61
10/13/2006,3.69,3.61
10/6/2006,3.63,3.61
9/29/2006,3.59,3.61
9/22/2006,3.68,3.61
9/15/2006,3.68,3.61
9/8/2006,3.67,3.60
9/1/2006,3.71,3.60
8/25/2006,3.72,3.60
8/18/2006,3.85,3.59
8/11/2006,3.78,3.59
8/4/2006,3.76,3.58
7/28/2006,3.77,3.57
7/21/2006,3.84,3.57
7/14/2006,3.92,3.56
7/7/2006,3.95,3.54
6/30/2006,3.92,3.53
6/23/2006,3.81,3.51
6/16/2006,3.72,3.50
6/9/2006,3.79,3.49
6/2/2006,3.70,3.48
5/26/2006,3.67,3.47
5/19/2006,3.77,3.46
5/12/2006,3.78,3.44
5/5/2006,3.78,3.42
4/28/2006,3.73,3.40
4/21/2006,3.71,3.38
4/14/2006,3.66,3.36
4/7/2006,3.63,3.34
3/31/2006,3.48,3.31
3/24/2006,3.43,3.30
3/17/2006,3.44,3.29
3/10/2006,3.36,3.27
3/3/2006,3.28,3.26
2/24/2006,3.21,3.26
2/17/2006,3.30,3.27
2/10/2006,3.34,3.26
2/3/2006,3.37,3.25
1/27/2006,3.28,3.22
1/20/2006,3.14,3.19
1/13/2006,3.19,3.22
1/6/2006,3.25,3.25
12/30/2005,3.25,3.24
12/23/2005,3.26,3.23
12/16/2005,3.31,3.23
12/9/2005,3.31,3.23
12/2/2005,3.24,3.23
11/25/2005,3.26,3.23
11/18/2005,3.27,3.23
11/11/2005,3.30,3.23
11/4/2005,3.18,3.23
10/28/2005,3.11,3.23
10/21/2005,3.07,3.23
10/14/2005,3.03,3.24
10/7/2005,3.03,3.24
9/30/2005,2.91,3.25
9/23/2005,2.85,3.26
9/16/2005,2.84,3.27
9/9/2005,2.84,3.28
9/2/2005,2.90,3.29
8/26/2005,2.95,3.30
8/19/2005,3.02,3.31
8/12/2005,3.06,3.32
8/5/2005,2.99,3.33
7/29/2005,2.90,3.34
7/22/2005,2.95,3.36
7/15/2005,2.89,3.37
7/8/2005,2.85,3.39
7/1/2005,2.84,3.41
6/24/2005,2.95,3.43
6/17/2005,2.96,3.45
6/10/2005,2.94,3.47
6/3/2005,3.11,3.50
5/27/2005,3.12,3.52
5/20/2005,3.15,3.54
5/13/2005,3.25,3.56
5/6/2005,3.25,3.57
4/29/2005,3.29,3.59
4/22/2005,3.39,3.61
4/15/2005,3.49,3.63
4/8/2005,3.51,3.64
4/1/2005,3.64,3.65
3/25/2005,3.67,3.65
3/18/2005,3.72,3.65
3/11/2005,3.67,3.64
3/4/2005,3.71,3.63
2/25/2005,3.67,3.63
2/18/2005,3.50,3.62
2/11/2005,3.52,3.64
2/4/2005,3.58,3.66
1/28/2005,3.62,3.68
1/21/2005,3.62,3.70
1/14/2005,3.71,3.75
1/7/2005,3.78,3.78
12/31/2004,3.78,4.30
12/24/2004,3.76,4.31
12/17/2004,3.71,4.32
12/10/2004,3.86,4.33
12/3/2004,3.92,4.34
11/26/2004,3.95,4.35
11/19/2004,3.99,4.36
11/12/2004,4.10,4.37
11/5/2004,4.11,4.37
10/29/2004,4.07,4.38
10/22/2004,4.11,4.39
10/15/2004,4.15,4.39
10/8/2004,4.21,4.40
10/1/2004,4.18,4.40
9/24/2004,4.27,4.41
9/17/2004,4.26,4.41
9/10/2004,4.35,4.42
9/3/2004,4.27,4.42
8/27/2004,4.32,4.42
8/20/2004,4.23,4.43
8/13/2004,4.25,4.43
8/6/2004,4.39,4.44
7/30/2004,4.47,4.44
7/23/2004,4.42,4.44
7/16/2004,4.43,4.44
7/9/2004,4.47,4.44
7/2/2004,4.56,4.44
6/25/2004,4.56,4.43
6/18/2004,4.62,4.43
6/11/2004,4.59,4.42
6/4/2004,4.58,4.41
5/28/2004,4.56,4.40
5/21/2004,4.60,4.40
5/14/2004,4.59,4.39
5/7/2004,4.49,4.38
4/30/2004,4.56,4.37
4/23/2004,4.47,4.36
4/16/2004,4.47,4.35
4/9/2004,4.32,4.34
4/2/2004,4.13,4.35
3/26/2004,4.11,4.36
3/19/2004,4.15,4.38
3/12/2004,4.22,4.40
3/5/2004,4.40,4.42
2/27/2004,4.42,4.42
2/20/2004,4.39,4.43
2/13/2004,4.47,4.43
2/6/2004,4.58,4.42
1/30/2004,4.34,4.39
1/23/2004,4.32,4.41
1/16/2004,4.30,4.43
1/9/2004,4.48,4.50
1/2/2004,4.52,4.52
12/26/2003,4.47,4.39
12/19/2003,4.55,4.39
12/12/2003,4.69,4.38
12/5/2003,4.79,4.38
11/28/2003,4.71,4.37
11/21/2003,4.66,4.36
11/14/2003,4.84,4.35
11/7/2003,4.74,4.34
10/31/2003,4.69,4.33
10/24/2003,4.65,4.33
10/17/2003,4.61,4.32
10/10/2003,4.50,4.31
10/3/2003,4.33,4.31
9/26/2003,4.41,4.30
9/19/2003,4.53,4.30
9/12/2003,4.53,4.30
9/5/2003,4.57,4.29
8/29/2003,4.51,4.28
8/22/2003,4.56,4.27
8/15/2003,4.39,4.27
8/8/2003,4.43,4.26
8/1/2003,4.30,4.26
7/25/2003,4.28,4.26
7/18/2003,4.17,4.25
7/11/2003,4.17,4.26
7/4/2003,4.14,4.26
6/27/2003,3.90,4.27
6/20/2003,3.74,4.28
6/13/2003,3.76,4.30
6/6/2003,3.93,4.33
5/30/2003,3.94,4.34
5/23/2003,4.04,4.36
5/16/2003,4.20,4.38
5/9/2003,4.36,4.39
5/2/2003,4.45,4.39
4/25/2003,4.49,4.39
4/18/2003,4.56,4.38
4/11/2003,4.52,4.37
4/4/2003,4.53,4.36
3/28/2003,4.54,4.34
3/21/2003,4.45,4.33
3/14/2003,4.14,4.32
3/7/2003,4.13,4.34
2/28/2003,4.10,4.36
2/21/2003,4.21,4.39
2/14/2003,4.25,4.42
2/7/2003,4.31,4.44
1/31/2003,4.32,4.47
1/24/2003,4.43,4.51
1/17/2003,4.56,4.53
1/10/2003,4.56,4.52
1/3/2003,4.48,4.48
12/27/2002,4.54,5.15
12/20/2002,4.62,5.16
12/13/2002,4.75,5.17
12/6/2002,4.85,5.18
11/29/2002,4.85,5.19
11/22/2002,4.79,5.19
11/15/2002,4.76,5.20
11/8/2002,4.92,5.21
11/1/2002,4.93,5.22
10/25/2002,4.97,5.23
10/18/2002,4.89,5.23
10/11/2002,4.75,5.24
10/4/2002,4.75,5.25
9/27/2002,4.75,5.27
9/20/2002,4.79,5.28
9/13/2002,4.85,5.29
9/6/2002,4.93,5.30
8/30/2002,5.02,5.32
8/23/2002,5.02,5.32
8/16/2002,4.86,5.33
8/9/2002,4.90,5.35
8/2/2002,5.07,5.36
7/26/2002,5.12,5.37
7/19/2002,5.18,5.38
7/12/2002,5.32,5.39
7/5/2002,5.30,5.39
6/28/2002,5.28,5.39
6/21/2002,5.29,5.40
6/14/2002,5.45,5.40
6/7/2002,5.50,5.40
5/31/2002,5.53,5.40
5/24/2002,5.57,5.39
5/17/2002,5.60,5.38
5/10/2002,5.52,5.37
5/3/2002,5.49,5.36
4/26/2002,5.55,5.35
4/19/2002,5.59,5.34
4/12/2002,5.54,5.32
4/5/2002,5.59,5.31
3/29/2002,5.58,5.29
3/22/2002,5.56,5.26
3/15/2002,5.51,5.24
3/8/2002,5.43,5.21
3/1/2002,5.30,5.18
2/22/2002,5.25,5.17
2/15/2002,5.27,5.16
2/8/2002,5.22,5.14
2/1/2002,5.21,5.12
1/25/2002,5.12,5.10
1/18/2002,5.03,5.10
1/11/2002,5.11,5.13
1/4/2002,5.15,5.15
12/28/2001,5.19,4.98
12/21/2001,5.13,4.97
12/14/2001,5.13,4.97
12/7/2001,4.95,4.96
11/30/2001,4.94,4.97
11/23/2001,4.87,4.97
11/16/2001,4.71,4.97
11/9/2001,4.63,4.97
11/2/2001,4.77,4.98
10/26/2001,4.97,4.99
10/19/2001,5.04,4.99
10/12/2001,5.01,4.99
10/5/2001,5.03,4.98
9/28/2001,5.15,4.98
9/21/2001,5.00,4.98
9/14/2001,5.09,4.98
9/7/2001,5.11,4.98
8/31/2001,5.11,4.97
8/24/2001,5.02,4.97
8/17/2001,5.02,4.97
8/10/2001,5.14,4.96
8/3/2001,5.20,4.96
7/27/2001,5.29,4.95
7/20/2001,5.40,4.94
7/13/2001,5.43,4.92
7/6/2001,5.40,4.90
6/29/2001,5.28,4.88
6/22/2001,5.36,4.87
6/15/2001,5.35,4.85
6/8/2001,5.23,4.83
6/1/2001,5.35,4.81
5/25/2001,5.26,4.78
5/18/2001,5.12,4.76
5/11/2001,4.94,4.74
5/4/2001,5.04,4.73
4/27/2001,4.94,4.71
4/20/2001,4.85,4.70
4/13/2001,4.68,4.68
4/6/2001,4.59,4.69
3/30/2001,4.54,4.69
3/23/2001,4.56,4.71
3/16/2001,4.60,4.72
3/9/2001,4.69,4.73
3/2/2001,4.75,4.73
2/23/2001,4.78,4.73
2/16/2001,4.72,4.73
2/9/2001,4.67,4.73
2/2/2001,4.76,4.74
1/26/2001,4.87,4.73
1/19/2001,4.76,4.69
1/12/2001,4.65,4.65
1/5/2001,4.65,4.65
12/29/2000,4.75,5.34
12/22/2000,4.72,5.35
12/15/2000,4.86,5.36
12/8/2000,4.90,5.37
12/1/2000,5.02,5.38
11/24/2000,5.06,5.39
11/17/2000,5.06,5.39
11/10/2000,5.11,5.40
11/3/2000,5.10,5.41
10/27/2000,5.13,5.42
10/20/2000,5.18,5.42
10/13/2000,5.23,5.43
10/6/2000,5.22,5.43
9/29/2000,5.19,5.44
9/22/2000,5.21,5.44
9/15/2000,5.24,5.45
9/8/2000,5.20,5.46
9/1/2000,5.28,5.46
8/25/2000,5.30,5.47
8/18/2000,5.30,5.47
8/11/2000,5.29,5.48
8/4/2000,5.30,5.49
7/28/2000,5.30,5.49
7/21/2000,5.34,5.50
7/14/2000,5.31,5.51
7/7/2000,5.29,5.51
6/30/2000,5.25,5.52
6/23/2000,5.14,5.53
6/16/2000,5.12,5.55
6/9/2000,5.06,5.57
6/2/2000,5.26,5.59
5/26/2000,5.31,5.61
5/19/2000,5.31,5.62
5/12/2000,5.44,5.64
5/5/2000,5.47,5.65
4/28/2000,5.45,5.66
4/21/2000,5.42,5.67
4/14/2000,5.36,5.69
4/7/2000,5.36,5.71
3/31/2000,5.43,5.74
3/24/2000,5.31,5.76
3/17/2000,5.45,5.80
3/10/2000,5.65,5.84
3/3/2000,5.77,5.86
2/25/2000,5.83,5.87
2/18/2000,5.95,5.88
2/11/2000,5.88,5.87
2/4/2000,5.87,5.86
1/28/2000,5.91,5.86
1/21/2000,5.89,5.85
1/14/2000,5.83,5.83
1/7/2000,5.82,5.82
12/31/1999,5.61,4.89
12/24/1999,5.62,4.88
12/17/1999,5.44,4.86
12/10/1999,5.49,4.85
12/3/1999,5.59,4.84
11/26/1999,5.57,4.82
11/19/1999,5.34,4.80
11/12/1999,5.40,4.79
11/5/1999,5.67,4.78
10/29/1999,5.95,4.76
10/22/1999,5.97,4.73
10/15/1999,5.83,4.70
10/8/1999,5.76,4.67
10/1/1999,5.65,4.65
9/24/1999,5.66,4.62
9/17/1999,5.70,4.59
9/10/1999,5.58,4.56
9/3/1999,5.49,4.54
8/27/1999,5.30,4.51
8/20/1999,5.45,4.49
8/13/1999,5.63,4.46
8/6/1999,5.41,4.42
7/30/1999,5.16,4.39
7/23/1999,5.18,4.36
7/16/1999,5.25,4.33
7/9/1999,5.20,4.30
7/2/1999,4.97,4.27
6/25/1999,4.80,4.24
6/18/1999,4.78,4.22
6/11/1999,4.70,4.20
6/4/1999,4.58,4.17
5/28/1999,4.43,4.16
5/21/1999,4.43,4.14
5/14/1999,4.36,4.13
5/7/1999,4.16,4.12
4/30/1999,4.15,4.11
4/23/1999,4.09,4.11
4/16/1999,4.06,4.11
4/9/1999,4.14,4.12
4/2/1999,4.29,4.11
3/26/1999,4.26,4.10
3/19/1999,4.31,4.09
3/12/1999,4.40,4.07
3/5/1999,4.37,4.03
2/26/1999,4.14,4.00
2/19/1999,4.08,3.98
2/12/1999,4.02,3.96
2/5/1999,3.93,3.96
1/29/1999,3.84,3.96
1/22/1999,3.89,3.99
1/15/1999,3.95,4.02
1/8/1999,3.96,4.06
1/1/1999,4.16,4.16
12/25/1998,4.14,4.98
12/18/1998,4.11,4.99
12/11/1998,4.21,5.01
12/4/1998,4.26,5.03
11/27/1998,4.38,5.04
11/20/1998,4.52,5.06
11/13/1998,4.61,5.07
11/6/1998,4.58,5.08
10/30/1998,4.69,5.09
10/23/1998,4.70,5.10
10/16/1998,4.86,5.11
10/9/1998,4.57,5.12
10/2/1998,4.75,5.13
9/25/1998,4.78,5.14
9/18/1998,4.68,5.15
9/11/1998,4.84,5.16
9/4/1998,4.84,5.17
8/28/1998,4.82,5.18
8/21/1998,4.73,5.19
8/14/1998,4.79,5.21
8/7/1998,4.84,5.22
7/31/1998,4.84,5.23
7/24/1998,4.86,5.24
7/17/1998,4.85,5.26
7/10/1998,4.85,5.27
7/3/1998,4.91,5.29
6/26/1998,4.93,5.30
6/19/1998,4.92,5.32
6/12/1998,4.96,5.33
6/5/1998,5.00,5.35
5/29/1998,5.07,5.37
5/22/1998,5.17,5.38
5/15/1998,5.21,5.39
5/8/1998,5.23,5.40
5/1/1998,5.24,5.41
4/24/1998,5.10,5.42
4/17/1998,5.10,5.44
4/10/1998,5.11,5.46
4/3/1998,5.23,5.49
3/27/1998,5.23,5.51
3/20/1998,5.24,5.53
3/13/1998,5.37,5.56
3/6/1998,5.41,5.58
2/27/1998,5.37,5.59
2/20/1998,5.41,5.62
2/13/1998,5.60,5.65
2/6/1998,5.57,5.66
1/30/1998,5.60,5.68
1/23/1998,5.56,5.70
1/16/1998,5.54,5.74
1/9/1998,5.78,5.85
1/2/1998,5.91,5.91
12/26/1997,5.91,6.47
12/19/1997,5.93,6.48
12/12/1997,6.12,6.49
12/5/1997,6.12,6.50
11/28/1997,6.17,6.51
11/21/1997,6.22,6.52
11/14/1997,6.32,6.52
11/7/1997,6.31,6.53
10/31/1997,6.24,6.53
10/24/1997,6.29,6.54
10/17/1997,6.11,6.55
10/10/1997,5.86,6.56
10/3/1997,5.96,6.57
9/26/1997,6.09,6.59
9/19/1997,6.27,6.60
9/12/1997,6.38,6.61
9/5/1997,6.41,6.62
8/29/1997,6.43,6.62
8/22/1997,6.38,6.63
8/15/1997,6.40,6.64
8/8/1997,6.34,6.65
8/1/1997,6.26,6.66
7/25/1997,6.30,6.67
7/18/1997,6.30,6.68
7/11/1997,6.28,6.70
7/4/1997,6.41,6.71
6/27/1997,6.52,6.72
6/20/1997,6.60,6.73
6/13/1997,6.75,6.74
6/6/1997,6.81,6.73
5/30/1997,6.87,6.73
5/23/1997,6.72,6.72
5/16/1997,6.80,6.73
5/9/1997,6.97,6.72
5/2/1997,7.13,6.71
4/25/1997,7.04,6.68
4/18/1997,6.94,6.66
4/11/1997,6.92,6.64
4/4/1997,7.10,6.62
3/28/1997,7.03,6.58
3/21/1997,6.97,6.55
3/14/1997,6.56,6.51
3/7/1997,6.49,6.50
2/28/1997,6.32,6.51
2/21/1997,6.39,6.53
2/14/1997,6.49,6.55
2/7/1997,6.67,6.56
1/31/1997,6.61,6.54
1/24/1997,6.39,6.52
1/17/1997,6.46,6.56
1/10/1997,6.65,6.61
1/3/1997,6.57,6.57
12/27/1996,6.59,7.89
12/20/1996,6.70,7.92
12/13/1996,6.85,7.94
12/6/1996,6.79,7.96
11/29/1996,7.02,7.99
11/22/1996,7.08,8.01
11/15/1996,7.18,8.03
11/8/1996,7.16,8.05
11/1/1996,7.05,8.07
10/25/1996,7.02,8.09
10/18/1996,7.01,8.12
10/11/1996,7.02,8.14
10/4/1996,7.16,8.17
9/27/1996,7.40,8.20
9/20/1996,7.61,8.22
9/13/1996,7.86,8.23
9/6/1996,7.96,8.25
8/30/1996,7.90,8.25
8/23/1996,7.88,8.26
8/16/1996,8.04,8.28
8/9/1996,8.04,8.28
8/2/1996,8.11,8.29
7/26/1996,8.09,8.30
7/19/1996,8.18,8.30
7/12/1996,8.14,8.31
7/5/1996,8.05,8.31
6/28/1996,8.08,8.32
6/21/1996,8.25,8.33
6/14/1996,8.23,8.34
6/7/1996,8.26,8.34
5/31/1996,8.27,8.35
5/24/1996,8.21,8.35
5/17/1996,8.28,8.36
5/10/1996,8.40,8.36
5/3/1996,8.07,8.36
4/26/1996,8.10,8.38
4/19/1996,8.24,8.39
4/12/1996,8.35,8.40
4/5/1996,8.37,8.41
3/29/1996,8.29,8.41
3/22/1996,8.61,8.42
3/15/1996,8.81,8.40
3/8/1996,8.57,8.36
3/1/1996,8.50,8.34
2/23/1996,8.75,8.32
2/16/1996,8.58,8.26
2/9/1996,8.53,8.20
2/2/1996,8.23,8.14
1/26/1996,8.03,8.12
1/19/1996,7.98,8.14
1/12/1996,8.17,8.23
1/5/1996,8.28,8.28
12/29/1995,8.45,10.14
12/22/1995,8.53,10.17
12/15/1995,8.62,10.20
12/8/1995,8.54,10.24
12/1/1995,8.66,10.27
11/24/1995,8.88,10.31
11/17/1995,9.09,10.34
11/10/1995,9.06,10.36
11/3/1995,9.08,10.39
10/27/1995,9.14,10.42
10/20/1995,9.28,10.46
10/13/1995,9.42,10.48
10/6/1995,9.32,10.51
9/29/1995,9.58,10.54
9/22/1995,9.25,10.57
9/15/1995,9.47,10.60
9/8/1995,10.03,10.63
9/1/1995,10.03,10.65
8/25/1995,10.05,10.67
8/18/1995,10.08,10.69
8/11/1995,10.14,10.71
8/4/1995,10.23,10.72
7/28/1995,10.34,10.74
7/21/1995,10.41,10.75
7/14/1995,10.44,10.77
7/7/1995,10.77,10.78
6/30/1995,10.69,10.78
6/23/1995,10.56,10.78
6/16/1995,10.40,10.79
6/9/1995,10.19,10.81
6/2/1995,10.51,10.84
5/26/1995,10.54,10.85
5/19/1995,10.39,10.87
5/12/1995,10.56,10.89
5/5/1995,10.99,10.91
4/28/1995,11.24,10.91
4/21/1995,11.28,10.89
4/14/1995,11.12,10.86
4/7/1995,11.34,10.84
3/31/1995,11.21,10.80
3/24/1995,11.09,10.77
3/17/1995,11.00,10.74
3/10/1995,10.87,10.72
3/3/1995,10.46,10.70
2/24/1995,10.55,10.73
2/17/1995,10.51,10.75
2/10/1995,10.58,10.80
2/3/1995,10.78,10.84
1/27/1995,10.89,10.85
1/20/1995,10.86,10.84
1/13/1995,10.92,10.83
1/6/1995,10.74,10.74
12/30/1994,10.64,9.57
12/23/1994,10.68,9.55
12/16/1994,10.69,9.53
12/9/1994,10.74,9.51
12/2/1994,10.77,9.48
11/25/1994,10.86,9.45
11/18/1994,10.90,9.42
11/11/1994,11.41,9.39
11/4/1994,10.95,9.34
10/28/1994,10.89,9.31
10/21/1994,11.02,9.27
10/14/1994,11.17,9.23
10/7/1994,11.17,9.18
9/30/1994,11.03,9.13
9/23/1994,11.39,9.08
9/16/1994,11.45,9.01
9/9/1994,11.48,8.95
9/2/1994,11.45,8.87
8/26/1994,11.73,8.80
8/19/1994,11.85,8.71
8/12/1994,10.85,8.61
8/5/1994,10.66,8.54
7/29/1994,10.69,8.47
7/22/1994,10.88,8.39
7/15/1994,10.87,8.30
7/8/1994,10.65,8.21
7/1/1994,9.93,8.11
6/24/1994,10.22,8.04
6/17/1994,9.79,7.95
6/10/1994,9.64,7.87
6/3/1994,9.33,7.79
5/27/1994,8.89,7.72
5/20/1994,8.51,7.66
5/13/1994,8.75,7.61
5/6/1994,8.72,7.55
4/29/1994,8.83,7.48
4/22/1994,8.63,7.40
4/15/1994,8.16,7.31
4/8/1994,8.05,7.25
4/1/1994,8.20,7.19
3/25/1994,7.75,7.11
3/18/1994,7.51,7.05
3/11/1994,7.42,7.01
3/4/1994,7.48,6.96
2/25/1994,7.09,6.89
2/18/1994,7.03,6.87
2/11/1994,6.87,6.84
2/4/1994,6.75,6.83
1/28/1994,6.79,6.85
1/21/1994,6.76,6.87
1/14/1994,6.86,6.93
1/7/1994,7.00,7.00
12/31/1993,7.01,8.55
12/24/1993,7.17,8.58
12/17/1993,7.29,8.61
12/10/1993,7.41,8.63
12/3/1993,7.56,8.66
11/26/1993,7.54,8.68
11/19/1993,7.44,8.71
11/12/1993,7.49,8.73
11/5/1993,7.45,8.76
10/29/1993,7.40,8.79
10/22/1993,7.47,8.82
10/15/1993,7.59,8.85
10/8/1993,7.85,8.89
10/1/1993,7.89,8.91
9/24/1993,7.94,8.94
9/17/1993,7.69,8.96
9/10/1993,7.60,9.00
9/3/1993,7.54,9.04
8/27/1993,7.56,9.08
8/20/1993,7.49,9.12
8/13/1993,7.69,9.17
8/6/1993,7.90,9.22
7/30/1993,8.19,9.26
7/23/1993,8.26,9.30
7/16/1993,8.29,9.33
7/9/1993,8.25,9.37
7/2/1993,8.49,9.41
6/25/1993,8.60,9.45
6/18/1993,8.59,9.48
6/11/1993,8.76,9.52
6/4/1993,8.96,9.55
5/28/1993,8.89,9.58
5/21/1993,9.04,9.61
5/14/1993,9.21,9.64
5/7/1993,9.28,9.66
4/30/1993,9.17,9.69
4/23/1993,9.38,9.72
4/16/1993,9.39,9.74
4/9/1993,9.65,9.76
4/2/1993,9.56,9.77
3/26/1993,9.57,9.78
3/19/1993,9.28,9.80
3/12/1993,9.09,9.85
3/5/1993,9.51,9.93
2/26/1993,9.57,9.97
2/19/1993,9.79,10.02
2/12/1993,9.85,10.06
2/5/1993,10.14,10.09
1/29/1993,10.10,10.08
1/22/1993,10.15,10.08
1/15/1993,10.21,10.05
1/8/1993,10.00,9.97
1/1/1993,9.94,9.94
12/25/1992,9.93,10.03
12/18/1992,9.94,10.04
12/11/1992,10.00,10.04
12/4/1992,10.12,10.04
11/27/1992,10.47,10.04
11/20/1992,11.21,10.03
11/13/1992,10.96,10.00
11/6/1992,10.99,9.98
10/30/1992,10.98,9.96
10/23/1992,11.14,9.93
10/16/1992,11.11,9.91
10/9/1992,11.21,9.88
10/2/1992,11.45,9.84
9/25/1992,11.52,9.80
9/18/1992,11.33,9.76
9/11/1992,10.94,9.71
9/4/1992,10.90,9.68
8/28/1992,11.19,9.65
8/21/1992,10.56,9.60
8/14/1992,10.16,9.57
8/7/1992,10.13,9.55
7/31/1992,9.97,9.53
7/24/1992,9.82,9.52
7/17/1992,9.71,9.51
7/10/1992,9.64,9.50
7/3/1992,9.64,9.50
6/26/1992,9.60,9.49
6/20/1992,9.60,9.49
6/12/1992,9.57,9.48
6/5/1992,9.42,9.48
5/29/1992,9.43,9.48
5/22/1992,9.42,9.48
5/15/1992,9.46,9.49
5/8/1992,9.59,9.49
5/1/1992,9.59,9.48
4/24/1992,9.45,9.48
4/17/1992,9.40,9.48
4/10/1992,9.51,9.48
4/3/1992,9.46,9.48
3/27/1992,9.44,9.48
3/20/1992,9.34,9.49
3/13/1992,9.33,9.50
3/6/1992,9.36,9.52
2/28/1992,9.47,9.53
2/21/1992,9.42,9.54
2/14/1992,9.42,9.56
2/7/1992,9.40,9.58
1/31/1992,9.33,9.62
1/24/1992,9.51,9.69
1/17/1992,9.55,9.75
1/10/1992,9.78,9.85
1/3/1992,9.91,9.91
12/27/1991,9.93,10.72
12/20/1991,9.97,10.74
12/13/1991,10.07,10.75
12/6/1991,9.99,10.76
11/29/1991,9.87,10.78
11/22/1991,9.72,10.80
11/15/1991,9.78,10.82
11/8/1991,9.99,10.85
11/1/1991,10.04,10.87
10/25/1991,10.04,10.89
10/18/1991,9.98,10.91
10/11/1991,9.95,10.93
10/4/1991,9.98,10.95
9/27/1991,9.96,10.98
9/20/1991,10.18,11.00
9/13/1991,10.33,11.03
9/6/1991,10.50,11.05
8/30/1991,10.51,11.06
8/23/1991,10.65,11.08
8/16/1991,10.65,11.09
8/9/1991,10.69,11.10
8/2/1991,10.68,11.12
7/26/1991,10.58,11.13
7/19/1991,10.54,11.15
7/12/1991,10.67,11.17
7/5/1991,10.64,11.19
6/28/1991,10.66,11.21
6/21/1991,10.65,11.23
6/14/1991,10.59,11.26
6/7/1991,10.43,11.29
5/31/1991,10.47,11.33
5/24/1991,10.58,11.37
5/17/1991,11.05,11.41
5/9/1991,11.12,11.43
5/3/1991,11.25,11.44
4/26/1991,11.37,11.45
4/19/1991,11.37,11.46
4/12/1991,11.40,11.47
4/5/1991,11.40,11.47
3/29/1991,11.43,11.48
3/22/1991,11.44,11.48
3/15/1991,11.27,11.48
3/8/1991,11.21,11.51
3/1/1991,11.05,11.54
2/22/1991,10.95,11.60
2/15/1991,11.25,11.69
2/8/1991,11.24,11.77
2/1/1991,11.44,11.87
1/25/1991,11.64,11.98
1/18/1991,11.99,12.09
1/11/1991,12.15,12.14
1/4/1991,12.13,12.13
12/28/1990,12.24,13.13
12/21/1990,12.16,13.15
12/14/1990,12.23,13.17
12/7/1990,12.56,13.19
11/30/1990,12.66,13.20
11/23/1990,12.77,13.21
11/16/1990,12.86,13.22
11/9/1990,12.97,13.23
11/2/1990,13.25,13.24
10/26/1990,13.22,13.24
10/19/1990,13.35,13.24
10/12/1990,13.15,13.23
10/5/1990,13.31,13.24
9/28/1990,13.38,13.23
9/21/1990,13.26,13.23
9/14/1990,13.38,13.23
9/7/1990,13.41,13.23
8/31/1990,13.47,13.22
8/24/1990,13.48,13.21
8/17/1990,13.19,13.21
8/10/1990,13.03,13.21
8/3/1990,12.82,13.21
7/27/1990,12.82,13.22
7/20/1990,12.79,13.24
7/13/1990,12.87,13.25
7/6/1990,12.73,13.27
6/29/1990,12.61,13.29
6/22/1990,12.84,13.32
6/15/1990,13.04,13.34
6/8/1990,13.13,13.35
6/1/1990,13.11,13.36
5/25/1990,13.07,13.37
5/18/1990,13.28,13.39
5/11/1990,13.49,13.39
5/4/1990,13.68,13.39
4/27/1990,13.62,13.37
4/20/1990,13.66,13.35
4/13/1990,13.55,13.33
4/6/1990,13.70,13.32
3/30/1990,13.76,13.29
3/23/1990,13.80,13.25
3/16/1990,13.75,13.20
3/9/1990,13.66,13.14
3/2/1990,13.67,13.09
2/23/1990,13.54,13.01
2/16/1990,13.04,12.94
2/9/1990,13.04,12.92
2/2/1990,13.04,12.90
1/26/1990,13.04,12.86
1/19/1990,12.90,12.80
1/12/1990,12.78,12.76
1/5/1990,12.73,12.73
12/28/1989,12.50,11.18
12/21/1989,12.48,11.16
12/14/1989,12.50,11.13
12/7/1989,12.70,11.10
11/30/1989,12.63,11.07
11/23/1989,12.48,11.03
11/16/1989,11.94,11.00
11/9/1989,11.61,10.98
11/2/1989,11.45,10.96
10/26/1989,11.35,10.95
10/19/1989,11.19,10.94
10/12/1989,10.98,10.94
10/5/1989,10.99,10.93
9/28/1989,10.91,10.93
9/21/1989,10.96,10.93
9/14/1989,11.07,10.93
9/7/1989,11.02,10.93
8/31/1989,10.98,10.93
8/24/1989,11.04,10.92
8/17/1989,11.01,10.92
8/10/1989,11.05,10.92
8/3/1989,11.09,10.91
7/27/1989,11.18,10.91
7/20/1989,11.20,10.90
7/13/1989,11.22,10.89
7/6/1989,11.23,10.87
6/29/1989,11.21,10.86
6/22/1989,11.15,10.85
6/15/1989,11.08,10.83
6/8/1989,11.03,10.82
6/1/1989,10.96,10.81
5/25/1989,10.97,10.80
5/18/1989,11.13,10.79
5/11/1989,11.11,10.78
5/4/1989,11.10,10.76
4/27/1989,11.11,10.73
4/20/1989,11.04,10.71
4/13/1989,11.04,10.69
4/6/1989,10.93,10.66
3/30/1989,10.94,10.64
3/23/1989,11.03,10.61
3/16/1989,10.96,10.57
3/9/1989,10.81,10.52
3/2/1989,10.79,10.49
2/23/1989,10.59,10.44
2/16/1989,10.44,10.42
2/9/1989,10.40,10.41
2/2/1989,10.38,10.42
1/26/1989,10.44,10.43
1/19/1989,10.45,10.43
1/12/1989,10.40,10.40
12/30/1988,10.76,11.35
12/23/1988,10.90,11.37
12/16/1988,10.99,11.37
12/9/1988,11.03,11.38
12/2/1988,11.10,11.39
11/25/1988,11.01,11.40
11/18/1988,11.09,11.40
11/11/1988,11.04,11.41
11/4/1988,11.03,11.42
10/28/1988,11.17,11.43
10/21/1988,11.43,11.43
10/14/1988,11.48,11.43
10/7/1988,11.55,11.43
9/30/1988,11.47,11.43
9/23/1988,11.44,11.43
9/16/1988,11.47,11.43
9/9/1988,11.47,11.43
9/2/1988,11.55,11.43
8/26/1988,11.56,11.42
8/19/1988,11.59,11.42
8/12/1988,11.56,11.41
8/5/1988,11.50,11.41
7/29/1988,11.43,11.41
7/22/1988,11.38,11.41
7/15/1988,11.33,11.41
7/8/1988,11.28,11.41
7/1/1988,11.22,11.41
6/24/1988,11.26,11.42
6/17/1988,11.27,11.43
6/10/1988,11.35,11.43
6/3/1988,11.45,11.44
5/27/1988,11.53,11.44
5/20/1988,11.55,11.43
5/13/1988,11.57,11.43
5/6/1988,11.53,11.42
4/29/1988,11.31,11.41
4/22/1988,11.36,11.42
4/15/1988,11.34,11.42
4/8/1988,11.30,11.43
4/1/1988,11.27,11.44
3/25/1988,11.35,11.45
3/18/1988,11.40,11.46
3/11/1988,11.34,11.46
3/4/1988,11.21,11.48
2/26/1988,11.22,11.51
2/19/1988,11.35,11.54
2/12/1988,11.27,11.57
2/5/1988,11.42,11.62
1/29/1988,11.58,11.66
1/22/1988,11.71,11.68
1/15/1988,11.74,11.67
1/8/1988,11.63,11.64
1/1/1988,11.64,11.64
12/25/1987,11.67,11.67
12/18/1987,11.76,11.67
12/11/1987,11.72,11.67
12/4/1987,11.75,11.67
11/27/1987,11.58,11.66
11/20/1987,11.53,11.67
11/13/1987,11.52,11.67
11/6/1987,11.69,11.67
10/30/1987,11.83,11.67
10/23/1987,12.12,11.67
10/16/1987,12.12,11.66
10/9/1987,12.06,11.65
10/2/1987,11.97,11.64
9/25/1987,11.92,11.63
9/18/1987,12.07,11.62
9/11/1987,12.10,11.61
9/4/1987,12.10,11.59
8/28/1987,11.98,11.58
8/21/1987,11.89,11.57
8/14/1987,12.03,11.56
8/7/1987,11.92,11.54
7/31/1987,11.96,11.53
7/24/1987,11.90,11.52
7/17/1987,11.72,11.50
7/10/1987,11.49,11.49
7/3/1987,11.57,11.49
6/26/1987,11.63,11.49
6/19/1987,11.70,11.49
6/12/1987,11.89,11.48
6/5/1987,12.03,11.46
5/29/1987,11.86,11.43
5/22/1987,12.09,11.41
5/15/1987,11.66,11.38
5/8/1987,11.42,11.36
5/1/1987,11.25,11.36
4/24/1987,11.35,11.37
4/17/1987,11.30,11.37
4/10/1987,11.02,11.37
4/3/1987,11.05,11.40
3/27/1987,11.21,11.43
3/20/1987,11.28,11.44
3/13/1987,11.24,11.46
3/6/1987,11.32,11.48
2/27/1987,11.42,11.50
2/20/1987,11.50,11.51
2/13/1987,11.45,11.51
2/6/1987,11.62,11.52
1/30/1987,11.91,11.50
1/23/1987,11.80,11.40
1/16/1987,11.84,11.26
1/9/1987,11.04,10.98
1/2/1987,10.91,10.91
12/19/1986,10.83,10.77
12/12/1986,10.76,10.75
12/5/1986,10.73,10.73
